source,source_idx,reason
large_file,0,rejected_by_BondFilter_min_interatomic_distance
large_file,1,rejected_by_BondFilter_min_interatomic_distance
large_file,2,rejected_by_BondFilter_min_interatomic_distance
large_file,3,rejected_by_BondFilter_min_interatomic_distance
large_file,4,rejected_by_BondFilter_min_interatomic_distance
large_file,5,rejected_by_BondFilter_min_interatomic_distance
large_file,6,rejected_by_BondFilter_min_interatomic_distance
large_file,7,rejected_by_BondFilter_min_interatomic_distance
large_file,8,rejected_by_BondFilter_min_interatomic_distance
large_file,9,rejected_by_BondFilter_min_interatomic_distance
large_file,10,rejected_by_BondFilter_min_interatomic_distance
large_file,11,rejected_by_BondFilter_min_interatomic_distance
large_file,12,rejected_by_BondFilter_min_interatomic_distance
large_file,13,rejected_by_BondFilter_min_interatomic_distance
large_file,14,rejected_by_BondFilter_min_interatomic_distance
large_file,15,rejected_by_BondFilter_min_interatomic_distance
large_file,16,rejected_by_BondFilter_min_interatomic_distance
large_file,17,rejected_by_BondFilter_min_interatomic_distance
large_file,18,rejected_by_BondFilter_min_interatomic_distance
large_file,19,rejected_by_BondFilter_min_interatomic_distance
large_file,20,rejected_by_BondFilter_min_interatomic_distance
large_file,21,rejected_by_BondFilter_min_interatomic_distance
large_file,22,rejected_by_BondFilter_min_interatomic_distance
large_file,23,rejected_by_BondFilter_min_interatomic_distance
large_file,24,rejected_by_BondFilter_min_interatomic_distance
large_file,25,rejected_by_BondFilter_min_interatomic_distance
large_file,26,rejected_by_BondFilter_min_interatomic_distance
large_file,27,rejected_by_BondFilter_min_interatomic_distance
large_file,28,rejected_by_BondFilter_min_interatomic_distance
large_file,29,rejected_by_BondFilter_min_interatomic_distance
large_file,30,rejected_by_BondFilter_min_interatomic_distance
large_file,31,rejected_by_BondFilter_min_interatomic_distance
large_file,32,rejected_by_BondFilter_min_interatomic_distance
large_file,33,rejected_by_BondFilter_min_interatomic_distance
large_file,34,rejected_by_BondFilter_min_interatomic_distance
large_file,35,rejected_by_BondFilter_min_interatomic_distance
large_file,36,rejected_by_BondFilter_min_interatomic_distance
large_file,37,rejected_by_BondFilter_min_interatomic_distance
large_file,38,rejected_by_BondFilter_min_interatomic_distance
large_file,39,rejected_by_BondFilter_min_interatomic_distance
large_file,40,rejected_by_BondFilter_min_interatomic_distance
large_file,41,rejected_by_BondFilter_min_interatomic_distance
large_file,42,rejected_by_BondFilter_min_interatomic_distance
large_file,43,rejected_by_BondFilter_min_interatomic_distance
large_file,44,rejected_by_BondFilter_min_interatomic_distance
large_file,45,rejected_by_BondFilter_min_interatomic_distance
large_file,46,rejected_by_BondFilter_min_interatomic_distance
large_file,47,rejected_by_BondFilter_min_interatomic_distance
large_file,48,rejected_by_BondFilter_min_interatomic_distance
large_file,49,rejected_by_BondFilter_min_interatomic_distance
large_file,50,rejected_by_BondFilter_min_interatomic_distance
large_file,51,rejected_by_BondFilter_min_interatomic_distance
large_file,52,rejected_by_BondFilter_min_interatomic_distance
large_file,53,rejected_by_BondFilter_min_interatomic_distance
large_file,54,rejected_by_BondFilter_min_interatomic_distance
large_file,55,rejected_by_BondFilter_min_interatomic_distance
large_file,56,rejected_by_BondFilter_min_interatomic_distance
large_file,57,rejected_by_BondFilter_min_interatomic_distance
large_file,58,rejected_by_BondFilter_min_interatomic_distance
large_file,59,rejected_by_BondFilter_min_interatomic_distance
large_file,60,rejected_by_BondFilter_min_interatomic_distance
large_file,61,rejected_by_BondFilter_min_interatomic_distance
large_file,62,rejected_by_BondFilter_min_interatomic_distance
large_file,63,rejected_by_BondFilter_min_interatomic_distance
large_file,64,rejected_by_BondFilter_min_interatomic_distance
large_file,65,rejected_by_BondFilter_min_interatomic_distance
large_file,66,rejected_by_BondFilter_min_interatomic_distance
large_file,67,rejected_by_BondFilter_min_interatomic_distance
large_file,68,rejected_by_BondFilter_min_interatomic_distance
large_file,69,rejected_by_BondFilter_min_interatomic_distance
large_file,70,rejected_by_BondFilter_min_interatomic_distance
large_file,71,rejected_by_BondFilter_min_interatomic_distance
large_file,72,rejected_by_BondFilter_min_interatomic_distance
large_file,73,rejected_by_BondFilter_min_interatomic_distance
large_file,74,rejected_by_BondFilter_min_interatomic_distance
large_file,75,rejected_by_BondFilter_min_interatomic_distance
large_file,76,rejected_by_BondFilter_min_interatomic_distance
large_file,77,rejected_by_BondFilter_min_interatomic_distance
large_file,78,rejected_by_BondFilter_min_interatomic_distance
large_file,79,rejected_by_BondFilter_min_interatomic_distance
large_file,80,rejected_by_BondFilter_min_interatomic_distance
large_file,81,rejected_by_BondFilter_min_interatomic_distance
large_file,82,rejected_by_BondFilter_min_interatomic_distance
large_file,83,rejected_by_BondFilter_min_interatomic_distance
large_file,84,rejected_by_BondFilter_min_interatomic_distance
large_file,85,rejected_by_BondFilter_min_interatomic_distance
large_file,86,rejected_by_BondFilter_min_interatomic_distance
large_file,87,rejected_by_BondFilter_min_interatomic_distance
large_file,88,rejected_by_BondFilter_min_interatomic_distance
large_file,89,rejected_by_BondFilter_min_interatomic_distance
large_file,90,rejected_by_BondFilter_min_interatomic_distance
large_file,91,rejected_by_BondFilter_min_interatomic_distance
large_file,92,rejected_by_BondFilter_min_interatomic_distance
large_file,93,rejected_by_BondFilter_min_interatomic_distance
large_file,94,rejected_by_BondFilter_min_interatomic_distance
large_file,95,rejected_by_BondFilter_min_interatomic_distance
large_file,96,rejected_by_BondFilter_min_interatomic_distance
large_file,97,rejected_by_BondFilter_min_interatomic_distance
large_file,98,rejected_by_BondFilter_min_interatomic_distance
large_file,99,rejected_by_BondFilter_min_interatomic_distance
large_file,100,rejected_by_BondFilter_min_interatomic_distance
large_file,101,rejected_by_BondFilter_min_interatomic_distance
large_file,102,rejected_by_BondFilter_min_interatomic_distance
large_file,103,rejected_by_BondFilter_min_interatomic_distance
large_file,104,rejected_by_BondFilter_min_interatomic_distance
large_file,105,rejected_by_BondFilter_min_interatomic_distance
large_file,106,rejected_by_BondFilter_min_interatomic_distance
large_file,107,rejected_by_BondFilter_min_interatomic_distance
large_file,108,rejected_by_BondFilter_min_interatomic_distance
large_file,109,rejected_by_BondFilter_min_interatomic_distance
large_file,110,rejected_by_BondFilter_min_interatomic_distance
large_file,111,rejected_by_BondFilter_min_interatomic_distance
large_file,112,rejected_by_BondFilter_min_interatomic_distance
large_file,113,rejected_by_BondFilter_min_interatomic_distance
large_file,114,rejected_by_BondFilter_min_interatomic_distance
large_file,115,rejected_by_BondFilter_min_interatomic_distance
large_file,116,rejected_by_BondFilter_min_interatomic_distance
large_file,117,rejected_by_BondFilter_min_interatomic_distance
large_file,118,rejected_by_BondFilter_min_interatomic_distance
large_file,119,rejected_by_BondFilter_min_interatomic_distance
large_file,120,rejected_by_BondFilter_min_interatomic_distance
large_file,121,rejected_by_BondFilter_min_interatomic_distance
large_file,122,rejected_by_BondFilter_min_interatomic_distance
large_file,123,rejected_by_BondFilter_min_interatomic_distance
large_file,124,rejected_by_BondFilter_min_interatomic_distance
large_file,125,rejected_by_BondFilter_min_interatomic_distance
large_file,126,rejected_by_BondFilter_min_interatomic_distance
large_file,127,rejected_by_BondFilter_min_interatomic_distance
large_file,128,rejected_by_BondFilter_min_interatomic_distance
large_file,129,rejected_by_BondFilter_min_interatomic_distance
large_file,130,rejected_by_BondFilter_min_interatomic_distance
large_file,131,rejected_by_BondFilter_min_interatomic_distance
large_file,132,rejected_by_BondFilter_min_interatomic_distance
large_file,133,rejected_by_BondFilter_min_interatomic_distance
large_file,134,rejected_by_BondFilter_min_interatomic_distance
large_file,135,rejected_by_BondFilter_min_interatomic_distance
large_file,136,rejected_by_BondFilter_min_interatomic_distance
large_file,137,rejected_by_BondFilter_min_interatomic_distance
large_file,138,rejected_by_BondFilter_min_interatomic_distance
large_file,139,rejected_by_BondFilter_min_interatomic_distance
large_file,140,rejected_by_BondFilter_min_interatomic_distance
large_file,141,rejected_by_BondFilter_min_interatomic_distance
large_file,142,rejected_by_BondFilter_min_interatomic_distance
large_file,143,rejected_by_BondFilter_min_interatomic_distance
large_file,144,rejected_by_BondFilter_min_interatomic_distance
large_file,145,rejected_by_BondFilter_min_interatomic_distance
large_file,146,rejected_by_BondFilter_min_interatomic_distance
large_file,147,rejected_by_BondFilter_min_interatomic_distance
large_file,148,rejected_by_BondFilter_min_interatomic_distance
large_file,149,rejected_by_BondFilter_min_interatomic_distance
large_file,150,rejected_by_BondFilter_min_interatomic_distance
large_file,151,rejected_by_BondFilter_min_interatomic_distance
large_file,152,rejected_by_BondFilter_min_interatomic_distance
large_file,153,rejected_by_BondFilter_min_interatomic_distance
large_file,154,rejected_by_BondFilter_min_interatomic_distance
large_file,155,rejected_by_BondFilter_min_interatomic_distance
large_file,156,rejected_by_BondFilter_min_interatomic_distance
large_file,157,rejected_by_BondFilter_min_interatomic_distance
large_file,158,rejected_by_BondFilter_min_interatomic_distance
large_file,159,rejected_by_BondFilter_min_interatomic_distance
large_file,160,rejected_by_BondFilter_min_interatomic_distance
large_file,161,rejected_by_BondFilter_min_interatomic_distance
large_file,162,rejected_by_BondFilter_min_interatomic_distance
large_file,163,rejected_by_BondFilter_min_interatomic_distance
large_file,164,rejected_by_BondFilter_min_interatomic_distance
large_file,165,rejected_by_BondFilter_min_interatomic_distance
large_file,166,rejected_by_BondFilter_min_interatomic_distance
large_file,167,rejected_by_BondFilter_min_interatomic_distance
large_file,168,rejected_by_BondFilter_min_interatomic_distance
large_file,169,rejected_by_BondFilter_min_interatomic_distance
large_file,170,rejected_by_BondFilter_min_interatomic_distance
large_file,171,rejected_by_BondFilter_min_interatomic_distance
large_file,172,rejected_by_BondFilter_min_interatomic_distance
large_file,173,rejected_by_BondFilter_min_interatomic_distance
large_file,174,rejected_by_BondFilter_min_interatomic_distance
large_file,175,rejected_by_BondFilter_min_interatomic_distance
large_file,176,rejected_by_BondFilter_min_interatomic_distance
large_file,177,rejected_by_BondFilter_min_interatomic_distance
large_file,178,rejected_by_BondFilter_min_interatomic_distance
large_file,179,rejected_by_BondFilter_min_interatomic_distance
large_file,180,rejected_by_BondFilter_min_interatomic_distance
large_file,181,rejected_by_BondFilter_min_interatomic_distance
large_file,182,rejected_by_BondFilter_min_interatomic_distance
large_file,183,rejected_by_BondFilter_min_interatomic_distance
large_file,184,rejected_by_BondFilter_min_interatomic_distance
large_file,185,rejected_by_BondFilter_min_interatomic_distance
large_file,186,rejected_by_BondFilter_min_interatomic_distance
large_file,187,rejected_by_BondFilter_min_interatomic_distance
large_file,188,rejected_by_BondFilter_min_interatomic_distance
large_file,189,rejected_by_BondFilter_min_interatomic_distance
large_file,190,rejected_by_BondFilter_min_interatomic_distance
large_file,191,rejected_by_BondFilter_min_interatomic_distance
large_file,192,rejected_by_BondFilter_min_interatomic_distance
large_file,193,rejected_by_BondFilter_min_interatomic_distance
large_file,194,rejected_by_BondFilter_min_interatomic_distance
large_file,195,rejected_by_BondFilter_min_interatomic_distance
large_file,196,rejected_by_BondFilter_min_interatomic_distance
large_file,197,rejected_by_BondFilter_min_interatomic_distance
large_file,198,rejected_by_BondFilter_min_interatomic_distance
large_file,199,rejected_by_BondFilter_min_interatomic_distance
large_file,200,rejected_by_BondFilter_min_interatomic_distance
large_file,201,rejected_by_BondFilter_min_interatomic_distance
large_file,202,rejected_by_BondFilter_min_interatomic_distance
large_file,203,rejected_by_BondFilter_min_interatomic_distance
large_file,204,rejected_by_BondFilter_min_interatomic_distance
large_file,205,rejected_by_BondFilter_min_interatomic_distance
large_file,206,rejected_by_BondFilter_min_interatomic_distance
large_file,207,rejected_by_BondFilter_min_interatomic_distance
large_file,208,rejected_by_BondFilter_min_interatomic_distance
large_file,209,rejected_by_BondFilter_min_interatomic_distance
large_file,210,rejected_by_BondFilter_min_interatomic_distance
large_file,211,rejected_by_BondFilter_min_interatomic_distance
large_file,212,rejected_by_BondFilter_min_interatomic_distance
large_file,213,rejected_by_BondFilter_min_interatomic_distance
large_file,214,rejected_by_BondFilter_min_interatomic_distance
large_file,215,rejected_by_BondFilter_min_interatomic_distance
large_file,216,rejected_by_BondFilter_min_interatomic_distance
large_file,217,rejected_by_BondFilter_min_interatomic_distance
large_file,218,rejected_by_BondFilter_min_interatomic_distance
large_file,219,rejected_by_BondFilter_min_interatomic_distance
large_file,220,rejected_by_BondFilter_min_interatomic_distance
large_file,221,rejected_by_BondFilter_min_interatomic_distance
large_file,222,rejected_by_BondFilter_min_interatomic_distance
large_file,223,rejected_by_BondFilter_min_interatomic_distance
large_file,224,rejected_by_BondFilter_min_interatomic_distance
large_file,225,rejected_by_BondFilter_min_interatomic_distance
large_file,226,rejected_by_BondFilter_min_interatomic_distance
large_file,227,rejected_by_BondFilter_min_interatomic_distance
large_file,228,rejected_by_BondFilter_min_interatomic_distance
large_file,229,rejected_by_BondFilter_min_interatomic_distance
large_file,230,rejected_by_BondFilter_min_interatomic_distance
large_file,231,rejected_by_BondFilter_min_interatomic_distance
large_file,232,rejected_by_BondFilter_min_interatomic_distance
large_file,233,rejected_by_BondFilter_min_interatomic_distance
large_file,234,rejected_by_BondFilter_min_interatomic_distance
large_file,235,rejected_by_BondFilter_min_interatomic_distance
large_file,236,rejected_by_BondFilter_min_interatomic_distance
large_file,237,rejected_by_BondFilter_min_interatomic_distance
large_file,238,rejected_by_BondFilter_min_interatomic_distance
large_file,239,rejected_by_BondFilter_min_interatomic_distance
large_file,240,rejected_by_BondFilter_min_interatomic_distance
large_file,241,rejected_by_BondFilter_min_interatomic_distance
large_file,242,rejected_by_BondFilter_min_interatomic_distance
large_file,243,rejected_by_BondFilter_min_interatomic_distance
large_file,244,rejected_by_BondFilter_min_interatomic_distance
large_file,245,rejected_by_BondFilter_min_interatomic_distance
large_file,246,rejected_by_BondFilter_min_interatomic_distance
large_file,247,rejected_by_BondFilter_min_interatomic_distance
large_file,248,rejected_by_BondFilter_min_interatomic_distance
large_file,249,rejected_by_BondFilter_min_interatomic_distance
large_file,250,rejected_by_BondFilter_min_interatomic_distance
large_file,251,rejected_by_BondFilter_min_interatomic_distance
large_file,252,rejected_by_BondFilter_min_interatomic_distance
large_file,253,rejected_by_BondFilter_min_interatomic_distance
large_file,254,rejected_by_BondFilter_min_interatomic_distance
large_file,255,rejected_by_BondFilter_min_interatomic_distance
large_file,256,rejected_by_BondFilter_min_interatomic_distance
large_file,257,rejected_by_BondFilter_min_interatomic_distance
large_file,258,rejected_by_BondFilter_min_interatomic_distance
large_file,259,rejected_by_BondFilter_min_interatomic_distance
large_file,260,rejected_by_BondFilter_min_interatomic_distance
large_file,261,rejected_by_BondFilter_min_interatomic_distance
large_file,262,rejected_by_BondFilter_min_interatomic_distance
large_file,263,rejected_by_BondFilter_min_interatomic_distance
large_file,264,rejected_by_BondFilter_min_interatomic_distance
large_file,265,rejected_by_BondFilter_min_interatomic_distance
large_file,266,rejected_by_BondFilter_min_interatomic_distance
large_file,267,rejected_by_BondFilter_min_interatomic_distance
large_file,268,rejected_by_BondFilter_min_interatomic_distance
large_file,269,rejected_by_BondFilter_min_interatomic_distance
large_file,270,rejected_by_BondFilter_min_interatomic_distance
large_file,271,rejected_by_BondFilter_min_interatomic_distance
large_file,272,rejected_by_BondFilter_min_interatomic_distance
large_file,273,rejected_by_BondFilter_min_interatomic_distance
large_file,274,rejected_by_BondFilter_min_interatomic_distance
large_file,275,rejected_by_BondFilter_min_interatomic_distance
large_file,276,rejected_by_BondFilter_min_interatomic_distance
large_file,277,rejected_by_BondFilter_min_interatomic_distance
large_file,278,rejected_by_BondFilter_min_interatomic_distance
large_file,279,rejected_by_BondFilter_min_interatomic_distance
large_file,280,rejected_by_BondFilter_min_interatomic_distance
large_file,281,rejected_by_BondFilter_min_interatomic_distance
large_file,282,rejected_by_BondFilter_min_interatomic_distance
large_file,283,rejected_by_BondFilter_min_interatomic_distance
large_file,284,rejected_by_BondFilter_min_interatomic_distance
large_file,285,rejected_by_BondFilter_min_interatomic_distance
large_file,286,rejected_by_BondFilter_min_interatomic_distance
large_file,287,rejected_by_BondFilter_min_interatomic_distance
large_file,288,rejected_by_BondFilter_min_interatomic_distance
large_file,289,rejected_by_BondFilter_min_interatomic_distance
large_file,290,rejected_by_BondFilter_min_interatomic_distance
large_file,291,rejected_by_BondFilter_min_interatomic_distance
large_file,292,rejected_by_BondFilter_min_interatomic_distance
large_file,293,rejected_by_BondFilter_min_interatomic_distance
large_file,294,rejected_by_BondFilter_min_interatomic_distance
large_file,295,rejected_by_BondFilter_min_interatomic_distance
large_file,296,rejected_by_BondFilter_min_interatomic_distance
large_file,297,rejected_by_BondFilter_min_interatomic_distance
large_file,298,rejected_by_BondFilter_min_interatomic_distance
large_file,299,rejected_by_BondFilter_min_interatomic_distance
large_file,300,rejected_by_BondFilter_min_interatomic_distance
large_file,301,rejected_by_BondFilter_min_interatomic_distance
large_file,302,rejected_by_BondFilter_min_interatomic_distance
large_file,303,rejected_by_BondFilter_min_interatomic_distance
large_file,304,rejected_by_BondFilter_min_interatomic_distance
large_file,305,rejected_by_BondFilter_min_interatomic_distance
large_file,306,rejected_by_BondFilter_min_interatomic_distance
large_file,307,rejected_by_BondFilter_min_interatomic_distance
large_file,308,rejected_by_BondFilter_min_interatomic_distance
large_file,309,rejected_by_BondFilter_min_interatomic_distance
large_file,310,rejected_by_BondFilter_min_interatomic_distance
large_file,311,rejected_by_BondFilter_min_interatomic_distance
large_file,312,rejected_by_BondFilter_min_interatomic_distance
large_file,313,rejected_by_BondFilter_min_interatomic_distance
large_file,314,rejected_by_BondFilter_min_interatomic_distance
large_file,315,rejected_by_BondFilter_min_interatomic_distance
large_file,316,rejected_by_BondFilter_min_interatomic_distance
large_file,317,rejected_by_BondFilter_min_interatomic_distance
large_file,318,rejected_by_BondFilter_min_interatomic_distance
large_file,319,rejected_by_BondFilter_min_interatomic_distance
large_file,320,rejected_by_BondFilter_min_interatomic_distance
large_file,321,rejected_by_BondFilter_min_interatomic_distance
large_file,322,rejected_by_BondFilter_min_interatomic_distance
large_file,323,rejected_by_BondFilter_min_interatomic_distance
large_file,324,rejected_by_BondFilter_min_interatomic_distance
large_file,325,rejected_by_BondFilter_min_interatomic_distance
large_file,326,rejected_by_BondFilter_min_interatomic_distance
large_file,327,rejected_by_BondFilter_min_interatomic_distance
large_file,328,rejected_by_BondFilter_min_interatomic_distance
large_file,329,rejected_by_BondFilter_min_interatomic_distance
large_file,330,rejected_by_BondFilter_min_interatomic_distance
large_file,331,rejected_by_BondFilter_min_interatomic_distance
large_file,332,rejected_by_BondFilter_min_interatomic_distance
large_file,333,rejected_by_BondFilter_min_interatomic_distance
large_file,334,rejected_by_BondFilter_min_interatomic_distance
large_file,335,rejected_by_BondFilter_min_interatomic_distance
large_file,336,rejected_by_BondFilter_min_interatomic_distance
large_file,337,rejected_by_BondFilter_min_interatomic_distance
large_file,338,rejected_by_BondFilter_min_interatomic_distance
large_file,339,rejected_by_BondFilter_min_interatomic_distance
large_file,340,rejected_by_BondFilter_min_interatomic_distance
large_file,341,rejected_by_BondFilter_min_interatomic_distance
large_file,342,rejected_by_BondFilter_min_interatomic_distance
large_file,343,rejected_by_BondFilter_min_interatomic_distance
large_file,344,rejected_by_BondFilter_min_interatomic_distance
large_file,345,rejected_by_BondFilter_min_interatomic_distance
large_file,346,rejected_by_BondFilter_min_interatomic_distance
large_file,347,rejected_by_BondFilter_min_interatomic_distance
large_file,348,rejected_by_BondFilter_min_interatomic_distance
large_file,349,rejected_by_BondFilter_min_interatomic_distance
large_file,350,rejected_by_BondFilter_min_interatomic_distance
large_file,351,rejected_by_BondFilter_min_interatomic_distance
large_file,352,rejected_by_BondFilter_min_interatomic_distance
large_file,353,rejected_by_BondFilter_min_interatomic_distance
large_file,354,rejected_by_BondFilter_min_interatomic_distance
large_file,355,rejected_by_BondFilter_min_interatomic_distance
large_file,356,rejected_by_BondFilter_min_interatomic_distance
large_file,357,rejected_by_BondFilter_min_interatomic_distance
large_file,358,rejected_by_BondFilter_min_interatomic_distance
large_file,359,rejected_by_BondFilter_min_interatomic_distance
large_file,360,rejected_by_BondFilter_min_interatomic_distance
large_file,361,rejected_by_BondFilter_min_interatomic_distance
large_file,362,rejected_by_BondFilter_min_interatomic_distance
large_file,363,rejected_by_BondFilter_min_interatomic_distance
large_file,364,rejected_by_BondFilter_min_interatomic_distance
large_file,365,rejected_by_BondFilter_min_interatomic_distance
large_file,366,rejected_by_BondFilter_min_interatomic_distance
large_file,367,rejected_by_BondFilter_min_interatomic_distance
large_file,368,rejected_by_BondFilter_min_interatomic_distance
large_file,369,rejected_by_BondFilter_min_interatomic_distance
large_file,370,rejected_by_BondFilter_min_interatomic_distance
large_file,371,rejected_by_BondFilter_min_interatomic_distance
large_file,372,rejected_by_BondFilter_min_interatomic_distance
large_file,373,rejected_by_BondFilter_min_interatomic_distance
large_file,374,rejected_by_BondFilter_min_interatomic_distance
large_file,375,rejected_by_BondFilter_min_interatomic_distance
large_file,376,rejected_by_BondFilter_min_interatomic_distance
large_file,377,rejected_by_BondFilter_min_interatomic_distance
large_file,378,rejected_by_BondFilter_min_interatomic_distance
large_file,379,rejected_by_BondFilter_min_interatomic_distance
large_file,380,rejected_by_BondFilter_min_interatomic_distance
large_file,381,rejected_by_BondFilter_min_interatomic_distance
large_file,382,rejected_by_BondFilter_min_interatomic_distance
large_file,383,rejected_by_BondFilter_min_interatomic_distance
large_file,384,rejected_by_BondFilter_min_interatomic_distance
large_file,385,rejected_by_BondFilter_min_interatomic_distance
large_file,386,rejected_by_BondFilter_min_interatomic_distance
large_file,387,rejected_by_BondFilter_min_interatomic_distance
large_file,388,rejected_by_BondFilter_min_interatomic_distance
large_file,389,rejected_by_BondFilter_min_interatomic_distance
large_file,390,rejected_by_BondFilter_min_interatomic_distance
large_file,391,rejected_by_BondFilter_min_interatomic_distance
large_file,392,rejected_by_BondFilter_min_interatomic_distance
large_file,393,rejected_by_BondFilter_min_interatomic_distance
large_file,394,rejected_by_BondFilter_min_interatomic_distance
large_file,395,rejected_by_BondFilter_min_interatomic_distance
large_file,396,rejected_by_BondFilter_min_interatomic_distance
large_file,397,rejected_by_BondFilter_min_interatomic_distance
large_file,398,rejected_by_BondFilter_min_interatomic_distance
large_file,399,rejected_by_BondFilter_min_interatomic_distance
large_file,400,rejected_by_BondFilter_min_interatomic_distance
large_file,401,rejected_by_BondFilter_min_interatomic_distance
large_file,402,rejected_by_BondFilter_min_interatomic_distance
large_file,403,rejected_by_BondFilter_min_interatomic_distance
large_file,404,rejected_by_BondFilter_min_interatomic_distance
large_file,405,rejected_by_BondFilter_min_interatomic_distance
large_file,406,rejected_by_BondFilter_min_interatomic_distance
large_file,407,rejected_by_BondFilter_min_interatomic_distance
large_file,408,rejected_by_BondFilter_min_interatomic_distance
large_file,409,rejected_by_BondFilter_min_interatomic_distance
large_file,410,rejected_by_BondFilter_min_interatomic_distance
large_file,411,rejected_by_BondFilter_min_interatomic_distance
large_file,412,rejected_by_BondFilter_min_interatomic_distance
large_file,413,rejected_by_BondFilter_min_interatomic_distance
large_file,414,rejected_by_BondFilter_min_interatomic_distance
large_file,415,rejected_by_BondFilter_min_interatomic_distance
large_file,416,rejected_by_BondFilter_min_interatomic_distance
large_file,417,rejected_by_BondFilter_min_interatomic_distance
large_file,418,rejected_by_BondFilter_min_interatomic_distance
large_file,419,rejected_by_BondFilter_min_interatomic_distance
large_file,420,rejected_by_BondFilter_min_interatomic_distance
large_file,421,rejected_by_BondFilter_min_interatomic_distance
large_file,422,rejected_by_BondFilter_min_interatomic_distance
large_file,423,rejected_by_BondFilter_min_interatomic_distance
large_file,424,rejected_by_BondFilter_min_interatomic_distance
large_file,425,rejected_by_BondFilter_min_interatomic_distance
large_file,426,rejected_by_BondFilter_min_interatomic_distance
large_file,427,rejected_by_BondFilter_min_interatomic_distance
large_file,428,rejected_by_BondFilter_min_interatomic_distance
large_file,429,rejected_by_BondFilter_min_interatomic_distance
large_file,430,rejected_by_BondFilter_min_interatomic_distance
large_file,431,rejected_by_BondFilter_min_interatomic_distance
large_file,432,rejected_by_BondFilter_min_interatomic_distance
large_file,433,rejected_by_BondFilter_min_interatomic_distance
large_file,434,rejected_by_BondFilter_min_interatomic_distance
large_file,435,rejected_by_BondFilter_min_interatomic_distance
large_file,436,rejected_by_BondFilter_min_interatomic_distance
large_file,437,rejected_by_BondFilter_min_interatomic_distance
large_file,438,rejected_by_BondFilter_min_interatomic_distance
large_file,439,rejected_by_BondFilter_min_interatomic_distance
large_file,440,rejected_by_BondFilter_min_interatomic_distance
large_file,441,rejected_by_BondFilter_min_interatomic_distance
large_file,442,rejected_by_BondFilter_min_interatomic_distance
large_file,443,rejected_by_BondFilter_min_interatomic_distance
large_file,444,rejected_by_BondFilter_min_interatomic_distance
large_file,445,rejected_by_BondFilter_min_interatomic_distance
large_file,446,rejected_by_BondFilter_min_interatomic_distance
large_file,447,rejected_by_BondFilter_min_interatomic_distance
large_file,448,rejected_by_BondFilter_min_interatomic_distance
large_file,449,rejected_by_BondFilter_min_interatomic_distance
large_file,450,rejected_by_BondFilter_min_interatomic_distance
large_file,451,rejected_by_BondFilter_min_interatomic_distance
large_file,452,rejected_by_BondFilter_min_interatomic_distance
large_file,453,rejected_by_BondFilter_min_interatomic_distance
large_file,454,rejected_by_BondFilter_min_interatomic_distance
large_file,455,rejected_by_BondFilter_min_interatomic_distance
large_file,456,rejected_by_BondFilter_min_interatomic_distance
large_file,457,rejected_by_BondFilter_min_interatomic_distance
large_file,458,rejected_by_BondFilter_min_interatomic_distance
large_file,459,rejected_by_BondFilter_min_interatomic_distance
large_file,460,rejected_by_BondFilter_min_interatomic_distance
large_file,461,rejected_by_BondFilter_min_interatomic_distance
large_file,462,rejected_by_BondFilter_min_interatomic_distance
large_file,463,rejected_by_BondFilter_min_interatomic_distance
large_file,464,rejected_by_BondFilter_min_interatomic_distance
large_file,465,rejected_by_BondFilter_min_interatomic_distance
large_file,466,rejected_by_BondFilter_min_interatomic_distance
large_file,467,rejected_by_BondFilter_min_interatomic_distance
large_file,468,rejected_by_BondFilter_min_interatomic_distance
large_file,469,rejected_by_BondFilter_min_interatomic_distance
large_file,470,rejected_by_BondFilter_min_interatomic_distance
large_file,471,rejected_by_BondFilter_min_interatomic_distance
large_file,472,rejected_by_BondFilter_min_interatomic_distance
large_file,473,rejected_by_BondFilter_min_interatomic_distance
large_file,474,rejected_by_BondFilter_min_interatomic_distance
large_file,475,rejected_by_BondFilter_min_interatomic_distance
large_file,476,rejected_by_BondFilter_min_interatomic_distance
large_file,477,rejected_by_BondFilter_min_interatomic_distance
large_file,478,rejected_by_BondFilter_min_interatomic_distance
large_file,479,rejected_by_BondFilter_min_interatomic_distance
large_file,480,rejected_by_BondFilter_min_interatomic_distance
large_file,481,rejected_by_BondFilter_min_interatomic_distance
large_file,482,rejected_by_BondFilter_min_interatomic_distance
large_file,483,rejected_by_BondFilter_min_interatomic_distance
large_file,484,rejected_by_BondFilter_min_interatomic_distance
large_file,485,rejected_by_BondFilter_min_interatomic_distance
large_file,486,rejected_by_BondFilter_min_interatomic_distance
large_file,487,rejected_by_BondFilter_min_interatomic_distance
large_file,488,rejected_by_BondFilter_min_interatomic_distance
large_file,489,rejected_by_BondFilter_min_interatomic_distance
large_file,490,rejected_by_BondFilter_min_interatomic_distance
large_file,491,rejected_by_BondFilter_min_interatomic_distance
large_file,492,rejected_by_BondFilter_min_interatomic_distance
large_file,493,rejected_by_BondFilter_min_interatomic_distance
large_file,494,rejected_by_BondFilter_min_interatomic_distance
large_file,495,rejected_by_BondFilter_min_interatomic_distance
large_file,496,rejected_by_BondFilter_min_interatomic_distance
large_file,497,rejected_by_BondFilter_min_interatomic_distance
large_file,498,rejected_by_BondFilter_min_interatomic_distance
large_file,499,rejected_by_BondFilter_min_interatomic_distance
large_file,500,rejected_by_BondFilter_min_interatomic_distance
large_file,501,rejected_by_BondFilter_min_interatomic_distance
large_file,502,rejected_by_BondFilter_min_interatomic_distance
large_file,503,rejected_by_BondFilter_min_interatomic_distance
large_file,504,rejected_by_BondFilter_min_interatomic_distance
large_file,505,rejected_by_BondFilter_min_interatomic_distance
large_file,506,rejected_by_BondFilter_min_interatomic_distance
large_file,507,rejected_by_BondFilter_min_interatomic_distance
large_file,508,rejected_by_BondFilter_min_interatomic_distance
large_file,509,rejected_by_BondFilter_min_interatomic_distance
large_file,510,rejected_by_BondFilter_min_interatomic_distance
large_file,511,rejected_by_BondFilter_min_interatomic_distance
large_file,512,rejected_by_BondFilter_min_interatomic_distance
large_file,513,rejected_by_BondFilter_min_interatomic_distance
large_file,514,rejected_by_BondFilter_min_interatomic_distance
large_file,515,rejected_by_BondFilter_min_interatomic_distance
large_file,516,rejected_by_BondFilter_min_interatomic_distance
large_file,517,rejected_by_BondFilter_min_interatomic_distance
large_file,518,rejected_by_BondFilter_min_interatomic_distance
large_file,519,rejected_by_BondFilter_min_interatomic_distance
large_file,520,rejected_by_BondFilter_min_interatomic_distance
large_file,521,rejected_by_BondFilter_min_interatomic_distance
large_file,522,rejected_by_BondFilter_min_interatomic_distance
large_file,523,rejected_by_BondFilter_min_interatomic_distance
large_file,524,rejected_by_BondFilter_min_interatomic_distance
large_file,525,rejected_by_BondFilter_min_interatomic_distance
large_file,526,rejected_by_BondFilter_min_interatomic_distance
large_file,527,rejected_by_BondFilter_min_interatomic_distance
large_file,528,rejected_by_BondFilter_min_interatomic_distance
large_file,529,rejected_by_BondFilter_min_interatomic_distance
large_file,530,rejected_by_BondFilter_min_interatomic_distance
large_file,531,rejected_by_BondFilter_min_interatomic_distance
large_file,532,rejected_by_BondFilter_min_interatomic_distance
large_file,533,rejected_by_BondFilter_min_interatomic_distance
large_file,534,rejected_by_BondFilter_min_interatomic_distance
large_file,535,rejected_by_BondFilter_min_interatomic_distance
large_file,536,rejected_by_BondFilter_min_interatomic_distance
large_file,537,rejected_by_BondFilter_min_interatomic_distance
large_file,538,rejected_by_BondFilter_min_interatomic_distance
large_file,539,rejected_by_BondFilter_min_interatomic_distance
large_file,540,rejected_by_BondFilter_min_interatomic_distance
large_file,541,rejected_by_BondFilter_min_interatomic_distance
large_file,542,rejected_by_BondFilter_min_interatomic_distance
large_file,543,rejected_by_BondFilter_min_interatomic_distance
large_file,544,rejected_by_BondFilter_min_interatomic_distance
large_file,545,rejected_by_BondFilter_min_interatomic_distance
large_file,546,rejected_by_BondFilter_min_interatomic_distance
large_file,547,rejected_by_BondFilter_min_interatomic_distance
large_file,548,rejected_by_BondFilter_min_interatomic_distance
large_file,549,rejected_by_BondFilter_min_interatomic_distance
large_file,550,rejected_by_BondFilter_min_interatomic_distance
large_file,551,rejected_by_BondFilter_min_interatomic_distance
large_file,552,rejected_by_BondFilter_min_interatomic_distance
large_file,553,rejected_by_BondFilter_min_interatomic_distance
large_file,554,rejected_by_BondFilter_min_interatomic_distance
large_file,555,rejected_by_BondFilter_min_interatomic_distance
large_file,556,rejected_by_BondFilter_min_interatomic_distance
large_file,557,rejected_by_BondFilter_min_interatomic_distance
large_file,558,rejected_by_BondFilter_min_interatomic_distance
large_file,559,rejected_by_BondFilter_min_interatomic_distance
large_file,560,rejected_by_BondFilter_min_interatomic_distance
large_file,561,rejected_by_BondFilter_min_interatomic_distance
large_file,562,rejected_by_BondFilter_min_interatomic_distance
large_file,563,rejected_by_BondFilter_min_interatomic_distance
large_file,564,rejected_by_BondFilter_min_interatomic_distance
large_file,565,rejected_by_BondFilter_min_interatomic_distance
large_file,566,rejected_by_BondFilter_min_interatomic_distance
large_file,567,rejected_by_BondFilter_min_interatomic_distance
large_file,568,rejected_by_BondFilter_min_interatomic_distance
large_file,569,rejected_by_BondFilter_min_interatomic_distance
large_file,570,rejected_by_BondFilter_min_interatomic_distance
large_file,571,rejected_by_BondFilter_min_interatomic_distance
large_file,572,rejected_by_BondFilter_min_interatomic_distance
large_file,573,rejected_by_BondFilter_min_interatomic_distance
large_file,574,rejected_by_BondFilter_min_interatomic_distance
large_file,575,rejected_by_BondFilter_min_interatomic_distance
large_file,576,rejected_by_BondFilter_min_interatomic_distance
large_file,577,rejected_by_BondFilter_min_interatomic_distance
large_file,578,rejected_by_BondFilter_min_interatomic_distance
large_file,579,rejected_by_BondFilter_min_interatomic_distance
large_file,580,rejected_by_BondFilter_min_interatomic_distance
large_file,581,rejected_by_BondFilter_min_interatomic_distance
large_file,582,rejected_by_BondFilter_min_interatomic_distance
large_file,583,rejected_by_BondFilter_min_interatomic_distance
large_file,584,rejected_by_BondFilter_min_interatomic_distance
large_file,585,rejected_by_BondFilter_min_interatomic_distance
large_file,586,rejected_by_BondFilter_min_interatomic_distance
large_file,587,rejected_by_BondFilter_min_interatomic_distance
large_file,588,rejected_by_BondFilter_min_interatomic_distance
large_file,589,rejected_by_BondFilter_min_interatomic_distance
large_file,590,rejected_by_BondFilter_min_interatomic_distance
large_file,591,rejected_by_BondFilter_min_interatomic_distance
large_file,592,rejected_by_BondFilter_min_interatomic_distance
large_file,593,rejected_by_BondFilter_min_interatomic_distance
large_file,594,rejected_by_BondFilter_min_interatomic_distance
large_file,595,rejected_by_BondFilter_min_interatomic_distance
large_file,596,rejected_by_BondFilter_min_interatomic_distance
large_file,597,rejected_by_BondFilter_min_interatomic_distance
large_file,598,rejected_by_BondFilter_min_interatomic_distance
large_file,599,rejected_by_BondFilter_min_interatomic_distance
large_file,600,rejected_by_BondFilter_min_interatomic_distance
large_file,601,rejected_by_BondFilter_min_interatomic_distance
large_file,602,rejected_by_BondFilter_min_interatomic_distance
large_file,603,rejected_by_BondFilter_min_interatomic_distance
large_file,604,rejected_by_BondFilter_min_interatomic_distance
large_file,605,rejected_by_BondFilter_min_interatomic_distance
large_file,606,rejected_by_BondFilter_min_interatomic_distance
large_file,607,rejected_by_BondFilter_min_interatomic_distance
large_file,608,rejected_by_BondFilter_min_interatomic_distance
large_file,609,rejected_by_BondFilter_min_interatomic_distance
large_file,610,rejected_by_BondFilter_min_interatomic_distance
large_file,611,rejected_by_BondFilter_min_interatomic_distance
large_file,612,rejected_by_BondFilter_min_interatomic_distance
large_file,613,rejected_by_BondFilter_min_interatomic_distance
large_file,614,rejected_by_BondFilter_min_interatomic_distance
large_file,615,rejected_by_BondFilter_min_interatomic_distance
large_file,616,rejected_by_BondFilter_min_interatomic_distance
large_file,617,rejected_by_BondFilter_min_interatomic_distance
large_file,618,rejected_by_BondFilter_min_interatomic_distance
large_file,619,rejected_by_BondFilter_min_interatomic_distance
large_file,620,rejected_by_BondFilter_min_interatomic_distance
large_file,621,rejected_by_BondFilter_min_interatomic_distance
large_file,622,rejected_by_BondFilter_min_interatomic_distance
large_file,623,rejected_by_BondFilter_min_interatomic_distance
large_file,624,rejected_by_BondFilter_min_interatomic_distance
large_file,625,rejected_by_BondFilter_min_interatomic_distance
large_file,626,rejected_by_BondFilter_min_interatomic_distance
large_file,627,rejected_by_BondFilter_min_interatomic_distance
large_file,628,rejected_by_BondFilter_min_interatomic_distance
large_file,629,rejected_by_BondFilter_min_interatomic_distance
large_file,630,rejected_by_BondFilter_min_interatomic_distance
large_file,631,rejected_by_BondFilter_min_interatomic_distance
large_file,632,rejected_by_BondFilter_min_interatomic_distance
large_file,633,rejected_by_BondFilter_min_interatomic_distance
large_file,634,rejected_by_BondFilter_min_interatomic_distance
large_file,635,rejected_by_BondFilter_min_interatomic_distance
large_file,636,rejected_by_BondFilter_min_interatomic_distance
large_file,637,rejected_by_BondFilter_min_interatomic_distance
large_file,638,rejected_by_BondFilter_min_interatomic_distance
large_file,639,rejected_by_BondFilter_min_interatomic_distance
large_file,640,rejected_by_BondFilter_min_interatomic_distance
large_file,641,rejected_by_BondFilter_min_interatomic_distance
large_file,642,rejected_by_BondFilter_min_interatomic_distance
large_file,643,rejected_by_BondFilter_min_interatomic_distance
large_file,644,rejected_by_BondFilter_min_interatomic_distance
large_file,645,rejected_by_BondFilter_min_interatomic_distance
large_file,646,rejected_by_BondFilter_min_interatomic_distance
large_file,647,rejected_by_BondFilter_min_interatomic_distance
large_file,648,rejected_by_BondFilter_min_interatomic_distance
large_file,649,rejected_by_BondFilter_min_interatomic_distance
large_file,650,rejected_by_BondFilter_min_interatomic_distance
large_file,651,rejected_by_BondFilter_min_interatomic_distance
large_file,652,rejected_by_BondFilter_min_interatomic_distance
large_file,653,rejected_by_BondFilter_min_interatomic_distance
large_file,654,rejected_by_BondFilter_min_interatomic_distance
large_file,655,rejected_by_BondFilter_min_interatomic_distance
large_file,656,rejected_by_BondFilter_min_interatomic_distance
large_file,657,rejected_by_BondFilter_min_interatomic_distance
large_file,658,rejected_by_BondFilter_min_interatomic_distance
large_file,659,rejected_by_BondFilter_min_interatomic_distance
large_file,660,rejected_by_BondFilter_min_interatomic_distance
large_file,661,rejected_by_BondFilter_min_interatomic_distance
large_file,662,rejected_by_BondFilter_min_interatomic_distance
large_file,663,rejected_by_BondFilter_min_interatomic_distance
large_file,664,rejected_by_BondFilter_min_interatomic_distance
large_file,665,rejected_by_BondFilter_min_interatomic_distance
large_file,666,rejected_by_BondFilter_min_interatomic_distance
large_file,667,rejected_by_BondFilter_min_interatomic_distance
large_file,668,rejected_by_BondFilter_min_interatomic_distance
large_file,669,rejected_by_BondFilter_min_interatomic_distance
large_file,670,rejected_by_BondFilter_min_interatomic_distance
large_file,671,rejected_by_BondFilter_min_interatomic_distance
large_file,672,rejected_by_BondFilter_min_interatomic_distance
large_file,673,rejected_by_BondFilter_min_interatomic_distance
large_file,674,rejected_by_BondFilter_min_interatomic_distance
large_file,675,rejected_by_BondFilter_min_interatomic_distance
large_file,676,rejected_by_BondFilter_min_interatomic_distance
large_file,677,rejected_by_BondFilter_min_interatomic_distance
large_file,678,rejected_by_BondFilter_min_interatomic_distance
large_file,679,rejected_by_BondFilter_min_interatomic_distance
large_file,680,rejected_by_BondFilter_min_interatomic_distance
large_file,681,rejected_by_BondFilter_min_interatomic_distance
large_file,682,rejected_by_BondFilter_min_interatomic_distance
large_file,683,rejected_by_BondFilter_min_interatomic_distance
large_file,684,rejected_by_BondFilter_min_interatomic_distance
large_file,685,rejected_by_BondFilter_min_interatomic_distance
large_file,686,rejected_by_BondFilter_min_interatomic_distance
large_file,687,rejected_by_BondFilter_min_interatomic_distance
large_file,688,rejected_by_BondFilter_min_interatomic_distance
large_file,689,rejected_by_BondFilter_min_interatomic_distance
large_file,690,rejected_by_BondFilter_min_interatomic_distance
large_file,691,rejected_by_BondFilter_min_interatomic_distance
large_file,692,rejected_by_BondFilter_min_interatomic_distance
large_file,693,rejected_by_BondFilter_min_interatomic_distance
large_file,694,rejected_by_BondFilter_min_interatomic_distance
large_file,695,rejected_by_BondFilter_min_interatomic_distance
large_file,696,rejected_by_BondFilter_min_interatomic_distance
large_file,697,rejected_by_BondFilter_min_interatomic_distance
large_file,698,rejected_by_BondFilter_min_interatomic_distance
large_file,19925,rejected_by_BondFilter_min_interatomic_distance
large_file,19928,rejected_by_BondFilter_min_interatomic_distance
large_file,19959,rejected_by_BondFilter_min_interatomic_distance
large_file,19963,rejected_by_BondFilter_min_interatomic_distance
large_file,19973,rejected_by_BondFilter_min_interatomic_distance
large_file,19978,rejected_by_BondFilter_min_interatomic_distance
